usia,bmi,tekanan_darah,gula_darah,tingkat_risiko
60,18.7,125,132,sedang
28,33.7,176,209,sedang
57,26.1,93,93,sedang
34,28.1,93,213,sedang
65,31.6,159,177,tinggi
48,30.1,90,110,sedang
41,22.7,117,156,rendah
25,25.1,135,158,sedang
36,35.4,148,207,sedang
44,17.9,127,230,sedang
75,24.7,114,250,sedang
22,31.9,127,90,sedang
75,18.4,125,186,sedang
30,24.9,116,241,rendah
64,38.5,172,88,tinggi
60,20.1,121,111,sedang
44,22.5,171,246,tinggi
34,32.4,97,128,rendah
71,23.6,124,86,sedang
56,37.0,130,124,sedang
45,37.2,172,187,tinggi
36,19.4,161,207,sedang
67,30.0,164,172,tinggi
34,39.9,107,200,sedang
25,34.1,104,109,rendah
70,32.3,166,86,tinggi
44,30.3,149,205,tinggi
55,36.7,91,244,sedang
63,37.2,124,234,tinggi
27,23.0,110,186,rendah
66,37.0,123,198,tinggi
52,37.9,170,146,tinggi
58,20.8,137,111,sedang
69,38.1,90,223,tinggi
51,16.5,136,148,sedang
23,21.8,162,90,rendah
66,27.7,98,206,sedang
28,31.8,160,112,sedang
53,36.9,144,124,tinggi
68,33.5,115,149,sedang
62,31.6,146,202,tinggi
27,21.9,98,156,rendah
57,29.3,165,126,sedang
24,33.0,97,128,rendah
22,36.6,99,201,sedang
37,32.1,117,208,sedang
66,38.5,163,217,tinggi
35,34.8,142,118,sedang
26,31.8,135,178,sedang
49,36.7,96,242,sedang
23,25.7,133,97,rendah
32,20.6,147,105,rendah
31,22.7,121,89,rendah
71,36.7,160,95,sedang
61,40.0,91,93,sedang
30,25.8,151,124,sedang
23,20.0,90,169,rendah
70,34.8,126,178,tinggi
62,33.2,109,118,sedang
33,39.2,164,208,sedang
67,23.5,96,219,sedang
52,38.1,157,110,sedang
52,17.9,113,87,rendah
24,32.2,120,173,rendah
56,21.9,166,80,sedang
25,26.1,164,214,tinggi
40,38.4,116,241,sedang
35,22.4,106,241,rendah
49,23.6,99,72,rendah
59,40.0,102,88,sedang
33,28.1,106,159,rendah
35,24.9,110,182,sedang
65,23.3,173,205,sedang
62,35.6,128,239,tinggi
28,22.3,103,211,rendah
37,22.8,116,157,rendah
63,31.2,123,199,tinggi
36,37.7,96,93,rendah
73,22.6,90,155,sedang
60,39.5,110,183,tinggi
65,26.3,91,98,rendah
64,37.7,159,79,tinggi
57,29.3,145,102,sedang
39,24.8,95,161,rendah
63,22.0,103,160,sedang
75,25.8,169,109,sedang
75,19.9,112,175,rendah
31,33.7,132,175,sedang
37,19.8,179,97,rendah
75,16.9,150,126,sedang
72,38.0,134,148,tinggi
34,16.6,114,172,rendah
37,36.7,125,159,sedang
45,32.3,158,154,sedang
27,37.0,123,115,sedang
36,16.9,166,181,sedang
66,34.9,145,225,tinggi
27,25.2,163,118,sedang
22,33.0,90,203,sedang
63,33.3,175,120,tinggi
47,17.7,175,154,sedang
40,31.9,105,146,sedang
39,32.0,131,173,sedang
55,19.1,143,240,sedang
63,34.0,112,227,tinggi
39,25.7,90,147,rendah
33,26.3,164,225,sedang
49,26.6,176,124,sedang
50,35.0,111,238,sedang
38,28.4,171,228,sedang
25,35.6,120,242,sedang
34,35.4,108,76,rendah
35,39.6,168,88,sedang
46,37.3,163,119,sedang
51,25.6,108,237,sedang
68,36.7,103,178,sedang
31,35.3,179,202,tinggi
23,29.4,105,186,sedang
71,27.2,157,213,tinggi
40,38.8,146,226,tinggi
47,35.9,160,184,tinggi
67,36.7,147,136,tinggi
73,31.3,156,194,tinggi
37,26.6,126,130,sedang
41,23.7,159,90,sedang
29,21.6,178,109,rendah
24,26.0,132,208,sedang
46,17.5,143,169,sedang
64,16.5,163,167,sedang
20,38.6,128,169,sedang
54,33.9,159,224,tinggi
51,21.3,145,194,sedang
44,24.1,176,173,sedang
73,27.2,106,229,tinggi
21,37.8,165,214,sedang
25,31.4,107,188,sedang
23,22.2,131,124,rendah
40,24.1,138,141,rendah
36,36.0,150,74,sedang
23,40.0,134,127,sedang
69,39.0,95,77,sedang
32,36.1,169,109,sedang
28,27.4,104,214,sedang
49,32.8,137,112,sedang
58,39.1,104,111,sedang
26,29.9,129,217,sedang
45,38.6,115,89,sedang
64,35.9,121,96,sedang
74,32.4,105,214,sedang
42,28.8,174,164,sedang
